{"cameraMode":{"drawMode":0,"name":"Shaded","section":"Shading Mode"},"sceneLighting":true,"audioPlay":false,"sceneViewState":{"m_AlwaysRefresh":false,"showFog":true,"showSkybox":true,"showFlares":true,"showImageEffects":true,"showParticleSystems":true,"showVisualEffectGraphs":true,"m_FxEnabled":true},"in2DMode":false,"pivot":{"x":15.545825958251954,"y":-15.654508590698243,"z":4.307159423828125},"rotation":{"x":0.18661737442016602,"y":0.7923527956008911,"z":-0.2958104610443115,"w":0.49986404180526736},"size":15.338722229003907,"orthographic":false}